1,1,"#1",1,NULL,NULL,"その 素敵な奇跡を…",0,0,"2014-07-24 21:47:55","2014-07-24 21:47:55"
2,1,"#2",2,NULL,NULL,"その 特別な日に…",0,0,"2014-07-24 21:47:55","2014-07-24 21:47:55"
3,1,"#3",3,NULL,NULL,"その 透明な少女と…",0,0,"2014-07-24 21:47:55","2014-07-24 21:47:55"
4,1,"#4",4,NULL,NULL,"その 届かない手紙は…",0,0,"2014-07-24 21:47:55","2014-07-24 21:47:55"
5,1,"#5",5,NULL,NULL,"その あるはずのない島へ…",0,0,"2014-07-24 21:47:55","2014-07-24 21:47:55"
6,1,"#6",6,NULL,NULL,"その 守りたいものに…",0,0,"2014-07-24 21:47:55","2014-07-24 21:47:55"
7,1,"#7",7,NULL,NULL,"その 素敵なお仕事を…",0,0,"2014-07-24 21:47:55","2014-07-24 21:47:55"
8,1,"#8",8,NULL,NULL,"その 憂鬱な社長ったら…／その イケてるヒーローってば…",0,0,"2014-07-24 21:47:56","2014-07-24 21:47:56"
9,1,"#9",9,NULL,NULL,"その 星のような妖精は…",0,0,"2014-07-24 21:47:56","2014-07-24 21:47:56"
10,1,"#10",10,NULL,NULL,"その ほかほかな休日は…",0,0,"2014-07-24 21:47:56","2014-07-24 21:47:56"
11,1,"#11",11,NULL,NULL,"その オレンジの日々を…",0,0,"2014-07-24 21:47:56","2014-07-24 21:47:56"
12,1,"#12",12,NULL,NULL,"その やわらかな願いは…",0,0,"2014-07-24 21:47:56","2014-07-24 21:47:56"
13,1,"#13",13,NULL,NULL,"その まっしろな朝を…",0,0,"2014-07-24 21:47:56","2014-07-24 21:47:56"
14,2,"#1",1,NULL,NULL,"こども高校生／天才です／こわいかな？／爆走ともちゃん！／大阪人や",0,0,"2014-07-24 21:50:41","2014-07-24 21:50:41"
15,2,"#2",2,NULL,NULL,"今日も大阪／体育・バレーボール／しゃっくり／脳が／おにゅー",0,0,"2014-07-24 21:50:42","2014-07-24 21:50:42"
16,2,"#3",3,NULL,NULL,"にゃも／派閥闘争／ゆかりがきた／悪くないもん／どこまでも",0,0,"2014-07-24 21:50:42","2014-07-24 21:50:42"
17,2,"#4",4,NULL,NULL,"楽しい職業／プールプールプール／りぼん／ふたりっきり／いいひと？",0,0,"2014-07-24 21:50:42","2014-07-24 21:50:42"
18,2,"#5",5,NULL,NULL,"なつやすみ／ようこそちよの部屋へ／ご招待／経験者語って／もうだめ",0,0,"2014-07-24 21:50:42","2014-07-24 21:50:42"
19,2,"#6",6,NULL,NULL,"勝利の方程式／三組の榊　五組の神楽／ぶっちぎり／わーい／踊る大団円",0,0,"2014-07-24 21:50:42","2014-07-24 21:50:42"
20,2,"#7",7,NULL,NULL,"おとぎの組／人格者／のりのりゴー！／マスコット／敵？",0,0,"2014-07-24 21:50:42","2014-07-24 21:50:42"
21,2,"#8",8,NULL,NULL,"大阪の初夢／ともちゃんの場合／榊の場合／ようこそ／かおりんの場合",0,0,"2014-07-24 21:50:42","2014-07-24 21:50:42"
22,2,"#9",9,NULL,NULL,"触れないなら／11才／ねこさん…／設定／なんで？",0,0,"2014-07-24 21:50:42","2014-07-24 21:50:42"
23,2,"#10",10,NULL,NULL,"ドラフト指名／クラス替え／おおかみ／先輩風ぴゅーぴゅー／マルコ…",0,0,"2014-07-24 21:50:42","2014-07-24 21:50:42"
24,2,"#11",11,NULL,NULL,"国際都市／対決／たたかなくても／ねこまみれ／逃げないで",0,0,"2014-07-24 21:50:42","2014-07-24 21:50:42"
25,2,"#12",12,NULL,NULL,"ちよちゃんの一日／高校のともだち／お昼／ごご／なわとび",0,0,"2014-07-24 21:50:42","2014-07-24 21:50:42"
26,2,"#13",13,NULL,NULL,"ノーガード戦法／S／中間テスト／結成／能力",0,0,"2014-07-24 21:50:42","2014-07-24 21:50:42"
27,2,"#14",14,NULL,NULL,"おかいもの／集合／うみー！／捕獲作戦／大人の世界",0,0,"2014-07-24 21:50:42","2014-07-24 21:50:42"
28,2,"#15",15,NULL,NULL,"木村家の人々／みたみた？／未確認奥さん／ガチガチ／結果発表",0,0,"2014-07-24 21:50:42","2014-07-24 21:50:42"
29,2,"#16",16,NULL,NULL,"くみあわせ／降臨／かわいい／注文／宣伝効果",0,0,"2014-07-24 21:50:42","2014-07-24 21:50:42"
30,2,"#17",17,NULL,NULL,"大阪の怪談／気分転換／師走／すごいサンタ／クリスマス会",0,0,"2014-07-24 21:50:43","2014-07-24 21:50:43"
31,2,"#18",18,NULL,NULL,"うきよみ／裏切り／ワクワクワクワク／仲間はずれ／ゴー",0,0,"2014-07-24 21:50:43","2014-07-24 21:50:43"
32,2,"#19",19,NULL,NULL,"あくび名人／なんだか青春／大人の花見／子供の花見／桜",0,0,"2014-07-24 21:50:43","2014-07-24 21:50:43"
33,2,"#20",20,NULL,NULL,"別離／ゆかりの誕生日／はばたけちよ／こども大統領／強く生きて下さい",0,0,"2014-07-24 21:50:43","2014-07-24 21:50:43"
34,2,"#21",21,NULL,NULL,"期待／いてもたっても／海の藻屑／夢の島／山にすむネコ",0,0,"2014-07-24 21:50:43","2014-07-24 21:50:43"
35,2,"#22",22,NULL,NULL,"ナイスですよ／だまされた／黒沢先生／未遂／まだ終わってない",0,0,"2014-07-24 21:50:43","2014-07-24 21:50:43"
36,2,"#23",23,NULL,NULL,"かんだ／もりあげ役／考えてなかった／みんなで走ります／一丸",0,0,"2014-07-24 21:50:43","2014-07-24 21:50:43"
37,2,"#24",24,NULL,NULL,"進路／対決／はやく行こう／人望／マヤーと一緒",0,0,"2014-07-24 21:50:43","2014-07-24 21:50:43"
38,2,"#25",25,NULL,NULL,"進路相談／合格祈願／ファイト／勉強会／智と大阪運命の日",0,0,"2014-07-24 21:50:43","2014-07-24 21:50:43"
39,2,"#26",26,NULL,NULL,"初めての卒業／万感／悲しみ／母校／みんな",0,0,"2014-07-24 21:50:43","2014-07-24 21:50:43"
40,3,"#1",1,NULL,NULL,"プロジェクトにようこそ！",0,0,"2014-07-24 21:53:23","2014-07-24 21:53:23"
41,3,"#2",2,NULL,NULL,"クリエイターにようこそ！",0,0,"2014-07-24 21:53:23","2014-07-24 21:53:23"
42,3,"#3",3,NULL,NULL,"美少女にようこそ！",0,0,"2014-07-24 21:53:23","2014-07-24 21:53:23"
43,3,"#4",4,NULL,NULL,"新世界にようこそ！",0,0,"2014-07-24 21:53:23","2014-07-24 21:53:23"
44,3,"#5",5,NULL,NULL,"カウンセリングにようこそ！",0,0,"2014-07-24 21:53:23","2014-07-24 21:53:23"
45,3,"#6",6,NULL,NULL,"クラスルームにようこそ！",0,0,"2014-07-24 21:53:23","2014-07-24 21:53:23"
46,3,"#7",7,NULL,NULL,"モラトリアムにようこそ！",0,0,"2014-07-24 21:53:24","2014-07-24 21:53:24"
47,3,"#8",8,NULL,NULL,"中華街にようこそ！",0,0,"2014-07-24 21:53:24","2014-07-24 21:53:24"
48,3,"#9",9,NULL,NULL,"夏の日にようこそ！",0,0,"2014-07-24 21:53:24","2014-07-24 21:53:24"
49,3,"#10",10,NULL,NULL,"ダークサイドにようこそ！",0,0,"2014-07-24 21:53:24","2014-07-24 21:53:24"
50,3,"#11",11,NULL,NULL,"陰謀にようこそ！",0,0,"2014-07-24 21:53:24","2014-07-24 21:53:24"
51,3,"#12",12,NULL,NULL,"オフ会にようこそ！",0,0,"2014-07-24 21:53:24","2014-07-24 21:53:24"
52,3,"#13",13,NULL,NULL,"天国にようこそ！",0,0,"2014-07-24 21:53:24","2014-07-24 21:53:24"
53,3,"#14",14,NULL,NULL,"現実(リアル)にようこそ！",0,0,"2014-07-24 21:53:24","2014-07-24 21:53:24"
54,3,"#15",15,NULL,NULL,"ファンタジーにようこそ！",0,0,"2014-07-24 21:53:24","2014-07-24 21:53:24"
55,3,"#16",16,NULL,NULL,"ゲームオーバーにようこそ！",0,0,"2014-07-24 21:53:24","2014-07-24 21:53:24"
56,3,"#17",17,NULL,NULL,"はぴねすにようこそ！",0,0,"2014-07-24 21:53:24","2014-07-24 21:53:24"
57,3,"#18",18,NULL,NULL,"ノーフューチャーにようこそ！",0,0,"2014-07-24 21:53:24","2014-07-24 21:53:24"
58,3,"#19",19,NULL,NULL,"青い鳥にようこそ！",0,0,"2014-07-24 21:53:24","2014-07-24 21:53:24"
59,3,"#20",20,NULL,NULL,"冬の日にようこそ！",0,0,"2014-07-24 21:53:24","2014-07-24 21:53:24"
60,3,"#21",21,NULL,NULL,"リセットにようこそ！",0,0,"2014-07-24 21:53:24","2014-07-24 21:53:24"
61,3,"#22",22,NULL,NULL,"神様にようこそ！",0,0,"2014-07-24 21:53:24","2014-07-24 21:53:24"
62,3,"#23",23,NULL,NULL,"岬にようこそ！",0,0,"2014-07-24 21:53:24","2014-07-24 21:53:24"
63,3,"#24",24,NULL,NULL,"N・H・Kにようこそ！",0,0,"2014-07-24 21:53:25","2014-07-24 21:53:25"
64,4,"#1",1,NULL,NULL,"教えてティーチャー",0,0,"2014-07-24 21:55:11","2014-07-24 21:55:11"
65,4,"#2",2,NULL,NULL,"もう、お婿にいけません",0,0,"2014-07-24 21:55:11","2014-07-24 21:55:11"
66,4,"#3",3,NULL,NULL,"まずいよ☆先生",0,0,"2014-07-24 21:55:11","2014-07-24 21:55:11"
67,4,"#4",4,NULL,NULL,"やっぱり好きかも",0,0,"2014-07-24 21:55:11","2014-07-24 21:55:11"
68,4,"#5",5,NULL,NULL,"そんな先生に、ぼくは",0,0,"2014-07-24 21:55:11","2014-07-24 21:55:11"
69,4,"#6",6,NULL,NULL,"始まってから始めよう",0,0,"2014-07-24 21:55:11","2014-07-24 21:55:11"
70,4,"#7",7,NULL,NULL,"泣かないで先生",0,0,"2014-07-24 21:55:11","2014-07-24 21:55:11"
71,4,"#8",8,NULL,NULL,"長い夜",0,0,"2014-07-24 21:55:11","2014-07-24 21:55:11"
72,4,"#9",9,NULL,NULL,"もう、おわりにしよう",0,0,"2014-07-24 21:55:11","2014-07-24 21:55:11"
73,4,"#10",10,NULL,NULL,"でも",0,0,"2014-07-24 21:55:11","2014-07-24 21:55:11"
74,4,"#11",11,NULL,NULL,"せんせい",0,0,"2014-07-24 21:55:11","2014-07-24 21:55:11"
75,4,"#12",12,NULL,NULL,"もう一度ティーチャー",0,0,"2014-07-24 21:55:11","2014-07-24 21:55:11"
76,4,"#13",13,NULL,NULL,"ヒミツなふたり",0,0,"2014-07-24 21:55:11","2014-07-24 21:55:11"
77,5,"#1",1,NULL,NULL,"双子が3人？",0,0,"2014-07-24 21:56:54","2014-07-24 21:56:54"
78,5,"#2",2,NULL,NULL,"肉親かもしれない",0,0,"2014-07-24 21:56:54","2014-07-24 21:56:54"
79,5,"#3",3,NULL,NULL,"他人かもしれない",0,0,"2014-07-24 21:56:54","2014-07-24 21:56:54"
80,5,"#4",4,NULL,NULL,"きみにやさしく",0,0,"2014-07-24 21:56:54","2014-07-24 21:56:54"
81,5,"#5",5,NULL,NULL,"女の子は好きですか？",0,0,"2014-07-24 21:56:54","2014-07-24 21:56:54"
82,5,"#6",6,NULL,NULL,"恋愛同盟",0,0,"2014-07-24 21:56:54","2014-07-24 21:56:54"
83,5,"#7",7,NULL,NULL,"おもいでづくり",0,0,"2014-07-24 21:56:54","2014-07-24 21:56:54"
84,5,"#8",8,NULL,NULL,"恋は素直に",0,0,"2014-07-24 21:56:55","2014-07-24 21:56:55"
85,5,"#9",9,NULL,NULL,"ぬけがけしないで",0,0,"2014-07-24 21:56:55","2014-07-24 21:56:55"
86,5,"#10",10,NULL,NULL,"もういちど走りたい",0,0,"2014-07-24 21:56:55","2014-07-24 21:56:55"
87,5,"#11",11,NULL,NULL,"あなたに好きと伝えたい",0,0,"2014-07-24 21:56:55","2014-07-24 21:56:55"
88,5,"#12",12,NULL,NULL,"3人でツインズ",0,0,"2014-07-24 21:56:55","2014-07-24 21:56:55"
89,5,"#13",13,NULL,NULL,"夏は終わらない",0,0,"2014-07-24 21:56:55","2014-07-24 21:56:55"
90,6,"第一幕",1,NULL,NULL,"旅の終わりに僕らは出会う",0,0,"2014-07-25 00:23:23","2014-07-25 00:23:23"
91,6,"第二幕",2,NULL,NULL,"月に朝日が昇るまで",0,0,"2014-07-25 00:23:23","2014-07-25 00:23:23"
92,6,"第三幕",3,NULL,NULL,"5/22、嵐",0,0,"2014-07-25 00:23:23","2014-07-25 00:23:23"
93,6,"第四幕",4,NULL,NULL,"母の秘密",0,0,"2014-07-25 00:23:23","2014-07-25 00:23:23"
94,6,"第五幕",5,NULL,NULL,"あなたは婚約者を愛していますか",0,0,"2014-07-25 00:23:24","2014-07-25 00:23:24"
95,6,"第六幕",6,NULL,NULL,"僕の憂鬱、彼女の憂鬱",0,0,"2014-07-25 00:23:24","2014-07-25 00:23:24"
96,6,"第七幕",7,NULL,NULL,"秘蜜の花園",0,0,"2014-07-25 00:23:24","2014-07-25 00:23:24"
97,6,"第八幕",8,NULL,NULL,"ブローニュの夜",0,0,"2014-07-25 00:23:24","2014-07-25 00:23:24"
98,6,"第九幕",9,NULL,NULL,"闇色の夢を見た",0,0,"2014-07-25 00:23:24","2014-07-25 00:23:24"
99,6,"第十幕",10,NULL,NULL,"エドモンからの手紙",0,0,"2014-07-25 00:23:24","2014-07-25 00:23:24"
100,6,"第十一幕",11,NULL,NULL,"婚約、破談",0,0,"2014-07-25 00:23:24","2014-07-25 00:23:24"
101,6,"第十二幕",12,NULL,NULL,"アンコール",0,0,"2014-07-25 00:23:24","2014-07-25 00:23:24"
102,6,"第十三幕",13,NULL,NULL,"エデ",0,0,"2014-07-25 00:23:24","2014-07-25 00:23:24"
103,6,"第十四幕",14,NULL,NULL,"さまよう心",0,0,"2014-07-25 00:23:24","2014-07-25 00:23:24"
104,6,"第十五幕",15,NULL,NULL,"幸せの終わり、真実の始まり",0,0,"2014-07-25 00:23:24","2014-07-25 00:23:24"
105,6,"第十六幕",16,NULL,NULL,"スキャンダル",0,0,"2014-07-25 00:23:24","2014-07-25 00:23:24"
106,6,"第十七幕",17,NULL,NULL,"告白",0,0,"2014-07-25 00:23:24","2014-07-25 00:23:24"
107,6,"第十八幕",18,NULL,NULL,"決闘",0,0,"2014-07-25 00:23:24","2014-07-25 00:23:24"
108,6,"第十九幕",19,NULL,NULL,"たとえ、僕が僕でなくなったとしても",0,0,"2014-07-25 00:23:24","2014-07-25 00:23:24"
109,6,"第二十幕",20,NULL,NULL,"さよなら、ユージェニー",0,0,"2014-07-25 00:23:24","2014-07-25 00:23:24"
110,6,"第二十一幕",21,NULL,NULL,"貴公子の正体",0,0,"2014-07-25 00:23:24","2014-07-25 00:23:24"
111,6,"第二十二幕",22,NULL,NULL,"逆襲",0,0,"2014-07-25 00:23:24","2014-07-25 00:23:24"
112,6,"第二十三幕",23,NULL,NULL,"エドモン・ダンテス",0,0,"2014-07-25 00:23:25","2014-07-25 00:23:25"
113,6,"最終幕",24,NULL,NULL,"渚にて",0,0,"2014-07-25 00:23:25","2014-07-25 00:23:25"
114,7,"FLAG.0.0, 1.0",1,NULL,NULL,"世界はアイで動いてる",0,0,"2014-07-25 00:25:57","2014-07-25 00:26:08"
115,7,"FLAG 2.0, 2.5",2,NULL,NULL,"あくまでも妹です / ベイビー・ユー・アー・ア・リッチ・ガール",0,0,"2014-07-25 00:25:57","2014-07-25 00:26:13"
116,7,"FLAG 3.0, 3.5",3,NULL,NULL,"ドライヴ・マイ・カー / パーティーはそのままに",0,0,"2014-07-25 00:25:57","2014-07-25 00:26:16"
117,7,"FLAG 4.0",4,NULL,NULL,"今そこにある聖戦",0,0,"2014-07-25 00:25:57","2014-07-25 00:25:57"
118,7,"FLAG 5.0",5,NULL,NULL,"IDOL BOMB!!",0,0,"2014-07-25 00:25:57","2014-07-25 00:25:57"
119,7,"FLAG 6.0",6,NULL,NULL,"ワタシ平凡?",0,0,"2014-07-25 00:25:57","2014-07-25 00:25:57"
120,7,"FLAG 7.0",7,NULL,NULL,"Shining Star",0,0,"2014-07-25 00:25:57","2014-07-25 00:25:57"
121,7,"FLAG 8.0",8,NULL,NULL,"Coupling with with with with",0,0,"2014-07-25 00:25:57","2014-07-25 00:25:57"
122,7,"FLAG 9.0",9,NULL,NULL,"大きな壁の中と外",0,0,"2014-07-25 00:25:57","2014-07-25 00:25:57"
123,7,"FLAG 10.0",10,NULL,NULL,"あたしの中の……",0,0,"2014-07-25 00:25:57","2014-07-25 00:25:57"
124,7,"FLAG 11.0",11,NULL,NULL,"おしまいの日",0,0,"2014-07-25 00:25:57","2014-07-25 00:25:57"
125,7,"FLAG 12.0",12,NULL,NULL,"神以上、人間未満",0,0,"2014-07-25 00:25:57","2014-07-25 00:25:57"
126,8,"Episode 1",1,NULL,NULL,"ふしぎの国の",0,0,"2014-07-25 00:27:52","2014-07-25 00:27:52"
127,8,"Episode 2",2,NULL,NULL,"ちっちゃくたって",0,0,"2014-07-25 00:27:52","2014-07-25 00:27:52"
128,8,"Episode 3",3,NULL,NULL,"どんなトモダチできるかな",0,0,"2014-07-25 00:27:52","2014-07-25 00:27:52"
129,8,"Episode 4",4,NULL,NULL,"あめどきどきあや",0,0,"2014-07-25 00:27:52","2014-07-25 00:27:52"
130,8,"Episode 5",5,NULL,NULL,"おねえちゃんといっしょ",0,0,"2014-07-25 00:27:52","2014-07-25 00:27:52"
131,8,"Episode 6",6,NULL,NULL,"金のアリス、金のカレン",0,0,"2014-07-25 00:27:52","2014-07-25 00:27:52"
132,8,"Episode 7",7,NULL,NULL,"はらぺこカレン",0,0,"2014-07-25 00:27:52","2014-07-25 00:27:52"
133,8,"Episode 8",8,NULL,NULL,"きょうはなんの日?",0,0,"2014-07-25 00:27:52","2014-07-25 00:27:52"
134,8,"Episode 9",9,NULL,NULL,"ねないこだれだ",0,0,"2014-07-25 00:27:52","2014-07-25 00:27:52"
135,8,"Episode 10",10,NULL,NULL,"すてきな五にんぐみ",0,0,"2014-07-25 00:27:52","2014-07-25 00:27:52"
136,8,"Episode 11",11,NULL,NULL,"どんなにきみがすきだかあててごらん",0,0,"2014-07-25 00:27:52","2014-07-25 00:27:52"
137,8,"Episode 12",12,NULL,NULL,"きんいろのとき",0,0,"2014-07-25 00:27:52","2014-07-25 00:27:52"
138,9,"#1",1,NULL,NULL,"現代における視覚を中心とした文化の研究",0,0,"2014-07-25 00:29:40","2014-07-25 00:29:40"
139,9,"#2",2,NULL,NULL,"消費と遊興による現代青少年の比較分類",0,0,"2014-07-25 00:29:41","2014-07-25 00:29:41"
140,9,"#3",3,NULL,NULL,"地域文化振興の問題点とその功績",0,0,"2014-07-25 00:29:41","2014-07-25 00:29:41"
141,9,"#4",4,NULL,NULL,"扮装と仮装の異化による心理的障壁の昇華作用",0,0,"2014-07-25 00:29:41","2014-07-25 00:29:41"
142,9,"#5",5,NULL,NULL,"自律行動に見る排斥と受容の境界",0,0,"2014-07-25 00:29:41","2014-07-25 00:29:41"
143,9,"#6",6,NULL,NULL,"サブカルチャーをめぐる他者との関係論",0,0,"2014-07-25 00:29:41","2014-07-25 00:29:41"
144,9,"#7",7,NULL,NULL,"対人関係における行動選択の特徴",0,0,"2014-07-25 00:29:41","2014-07-25 00:29:41"
145,9,"#8",8,NULL,NULL,"量産型製造過程における比較研究",0,0,"2014-07-25 00:29:41","2014-07-25 00:29:41"
146,9,"#9",9,NULL,NULL,"特殊閉鎖状況下における説明義務の有無について",0,0,"2014-07-25 00:29:41","2014-07-25 00:29:41"
147,9,"#10",10,NULL,NULL,"経済効果から考える余暇消費のフェティシズム",0,0,"2014-07-25 00:29:41","2014-07-25 00:29:41"
148,9,"#11",11,NULL,NULL,"都市型犯罪における悪意の所在論",0,0,"2014-07-25 00:29:41","2014-07-25 00:29:41"
149,9,"#12",12,NULL,NULL,"組織の再構築時に発生する課題と対策",0,0,"2014-07-25 00:29:41","2014-07-25 00:29:41"
150,10,"#1",1,NULL,NULL,"契約の星は流れた…(前編)",0,0,"2014-07-25 00:32:57","2014-07-25 00:32:57"
151,10,"#2",2,NULL,NULL,"契約の星は流れた…(後編)",0,0,"2014-07-25 00:32:57","2014-07-25 00:32:57"
152,10,"#3",3,NULL,NULL,"新星は東雲の空に煌く…(前編)",0,0,"2014-07-25 00:32:58","2014-07-25 00:32:58"
153,10,"#4",4,NULL,NULL,"新星は東雲の空に煌く…(後編)",0,0,"2014-07-25 00:32:58","2014-07-25 00:32:58"
154,10,"#5",5,NULL,NULL,"災厄の紅き夢は東欧に消えて…(前編)",0,0,"2014-07-25 00:32:58","2014-07-25 00:32:58"
155,10,"#6",6,NULL,NULL,"災厄の紅き夢は東欧に消えて…(後編)",0,0,"2014-07-25 00:32:58","2014-07-25 00:32:58"
156,10,"#7",7,NULL,NULL,"五月雨にクチナシは香りを放ち…(前編)",0,0,"2014-07-25 00:32:58","2014-07-25 00:32:58"
157,10,"#8",8,NULL,NULL,"五月雨にクチナシは香りを放ち…(後編)",0,0,"2014-07-25 00:32:58","2014-07-25 00:32:58"
158,10,"#9",9,NULL,NULL,"純白のドレスは、少女の夢と血に染まる…(前編)",0,0,"2014-07-25 00:32:58","2014-07-25 00:32:58"
159,10,"#10",10,NULL,NULL,"純白のドレスは、少女の夢と血に染まる…(後編)",0,0,"2014-07-25 00:32:58","2014-07-25 00:32:58"
160,10,"#11",11,NULL,NULL,"壁の中、なくしたものを取り戻すとき…(前編)",0,0,"2014-07-25 00:32:58","2014-07-25 00:32:58"
161,10,"#12",12,NULL,NULL,"壁の中、なくしたものを取り戻すとき…(後編)",0,0,"2014-07-25 00:32:58","2014-07-25 00:32:58"
162,10,"#13",13,NULL,NULL,"銀色の夜、こころは水面に揺れることなく…(前編)",0,0,"2014-07-25 00:32:58","2014-07-25 00:32:58"
163,10,"#14",14,NULL,NULL,"銀色の夜、こころは水面に揺れることなく…(後編)",0,0,"2014-07-25 00:32:58","2014-07-25 00:32:58"
164,10,"#15",15,NULL,NULL,"裏切りの記憶は、琥珀色の微笑み…(前編)",0,0,"2014-07-25 00:32:58","2014-07-25 00:32:58"
165,10,"#16",16,NULL,NULL,"裏切りの記憶は、琥珀色の微笑み…(後編)",0,0,"2014-07-25 00:32:58","2014-07-25 00:32:58"
166,10,"#17",17,NULL,NULL,"掃きだめでラブソングを歌う…(前編)",0,0,"2014-07-25 00:32:58","2014-07-25 00:32:58"
167,10,"#18",18,NULL,NULL,"掃きだめでラブソングを歌う…(後編)",0,0,"2014-07-25 00:32:58","2014-07-25 00:32:58"
168,10,"#19",19,NULL,NULL,"あさき夢見し、酔いもせず…(前編)",0,0,"2014-07-25 00:32:58","2014-07-25 00:32:58"
169,10,"#20",20,NULL,NULL,"あさき夢見し、酔いもせず…(後編)",0,0,"2014-07-25 00:32:58","2014-07-25 00:32:58"
170,10,"#21",21,NULL,NULL,"粛正の街は涙に濡れて…(前編)",0,0,"2014-07-25 00:32:59","2014-07-25 00:32:59"
171,10,"#22",22,NULL,NULL,"粛正の街は涙に濡れて…(後編)",0,0,"2014-07-25 00:32:59","2014-07-25 00:32:59"
172,10,"#23",23,NULL,NULL,"神は天にいまし…",0,0,"2014-07-25 00:32:59","2014-07-25 00:32:59"
173,10,"#24",24,NULL,NULL,"流星雨",0,0,"2014-07-25 00:32:59","2014-07-25 00:32:59"
174,10,"#25",25,NULL,NULL,"死神の見る夢は、黒より暗い暗闇か？",0,0,"2014-07-25 00:32:59","2014-07-25 00:32:59"
175,10,"#26",26,NULL,NULL,"桜の花の満開の下",0,0,"2014-07-25 00:32:59","2014-07-25 00:32:59"
